ANIO,MES,ENTIDAD,T_Max,T_Min,T_Med
1985,ENE,NAC,23.275940400645922,7.995533600224129,15.635737000435023
1985,FEB,NAC,25.273418964035525,8.918778517406635,17.09609874072108
1985,MAR,NAC,28.198847818873116,11.553129864410748,19.87598884164193
1985,ABR,NAC,29.116950130880497,12.977921672051114,21.047435901465807
1985,MAY,NAC,31.13717424342535,14.991136815394992,23.06415552941017
1985,JUN,NAC,30.094976150170144,16.485479491835896,23.29022782100301
1985,JUL,NAC,29.190563023221173,16.36445509673165,22.77750905997641
1985,AGO,NAC,29.714772867534226,16.492403517265423,23.103588192399823
1985,SEP,NAC,29.1823242700588,15.623906187538436,22.40311522879862
1985,OCT,NAC,28.184849109896337,14.105747766670858,21.1452984382836
1985,NOV,NAC,26.73710737932196,11.055803974939934,18.89645567713095
1985,DIC,NAC,24.652140552854565,9.244793761638956,16.94846715724675
1985,ANUAL,NAC,27.896588742576473,12.984090855509066,20.440339799042764
1986,ENE,NAC,24.541886602180266,7.57841266705651,16.060149634618387
1986,FEB,NAC,26.63114808616893,9.166273552032909,17.89871081910092
1986,MAR,NAC,27.79610671267587,9.703301793901986,18.74970425328893
1986,ABR,NAC,30.825948957148004,13.584809154040219,22.20537905559411
1986,MAY,NAC,30.967222069060217,15.328373394860371,23.147797731960292
1986,JUN,NAC,29.8491387305433,16.63552777164451,23.242333251093903
1986,JUL,NAC,29.37867672956256,16.29344261397823,22.836059671770382
1986,AGO,NAC,30.14563686492934,16.462216676541146,23.30392677073525
1986,SEP,NAC,29.168543566855675,16.010197267105813,22.58937041698075
1986,OCT,NAC,27.49482254459449,14.092472414548736,20.79364747957161
1986,NOV,NAC,26.742136396229082,12.024499895505196,19.383318145867136
1986,DIC,NAC,24.34306333178059,9.446455369208687,16.894759350494642
1986,ANUAL,NAC,28.157027549310694,13.027165214202023,20.59209638175636
1987,ENE,NAC,24.162431207474636,7.519998569448633,15.841214888461634
1987,FEB,NAC,25.350813534320885,8.954562848733513,17.1526881915272
1987,MAR,NAC,26.96479012164437,10.31847511523488,18.641632618439623
1987,ABR,NAC,28.845475968654824,12.051404416040983,20.448440192347903
1987,MAY,NAC,30.67242293669088,14.497951690553755,22.58518731362232
1987,JUN,NAC,30.686004739136976,16.664539490170867,23.67527211465392
1987,JUL,NAC,29.6151131871112,17.078322048996124,23.346717618053667
1987,AGO,NAC,30.013014051583973,16.79305333460833,23.403033693096145
1987,SEP,NAC,29.97949647059525,16.481754573919,23.230625522257125
1987,OCT,NAC,28.38165493256951,13.091919295638018,20.73678711410376
1987,NOV,NAC,26.626802691494547,10.699736685881307,18.663269688687922
1987,DIC,NAC,25.507884661220455,9.62729620594426,17.56759043358236
1987,ANUAL,NAC,28.067158708541456,12.814917856264138,20.441038282402797
1988,ENE,NAC,24.243815416225193,7.870150699523781,16.05698305787449
1988,FEB,NAC,26.398185869929364,9.495767267941535,17.94697656893545
1988,MAR,NAC,27.614965171790065,10.81696183773215,19.215963504761106
1988,ABR,NAC,30.107583658721577,13.176223171876057,21.641903415298813
1988,MAY,NAC,31.774909445726458,14.794102485160055,23.284505965443252
1988,JUN,NAC,30.686810560871375,16.434123903162224,23.560467232016805
1988,JUL,NAC,29.596114077116994,16.94961005447721,23.272862065797103
1988,AGO,NAC,29.21377839090714,16.885659531306228,23.049718961106684
1988,SEP,NAC,28.766941739865057,15.790655781879916,22.27879876087249
1988,OCT,NAC,28.025224351391273,13.7702501658264,20.89773725860884
1988,NOV,NAC,27.64643147075166,10.847616374289162,19.247023922520405
1988,DIC,NAC,24.993220108448625,9.06531346890223,17.029266788675436
1988,ANUAL,NAC,28.255665021812067,12.991369561839745,20.62351729182591
1989,ENE,NAC,25.48258201300199,9.107985156486395,17.295283584744187
1989,FEB,NAC,26.050365615954327,9.257366305336063,17.653865960645195
1989,MAR,NAC,27.980158344709572,9.926106611392683,18.953132478051128
1989,ABR,NAC,30.289244845711522,12.725331423569015,21.50728813464027
1989,MAY,NAC,31.87099323533488,14.943840451641845,23.407416843488367
1989,JUN,NAC,31.48868074480901,16.54973391237698,24.01920732859299
1989,JUL,NAC,30.272599149462184,16.5392083113149,23.40590373038855
1989,AGO,NAC,29.29081321819584,16.60616113454009,22.948487176367955
1989,SEP,NAC,28.459515341980225,15.716641366596786,22.088078354288513
1989,OCT,NAC,28.131558655266357,13.069472597369712,20.60051562631804
1989,NOV,NAC,26.997679888384912,11.664920502925744,19.331300195655334
1989,DIC,NAC,23.437467810605636,8.487008806374192,15.962238308489917
1989,ANUAL,NAC,28.312638238618046,12.8828147149937,20.59772647680587
1990,ENE,NAC,24.986249074150905,9.222579840223581,17.10441445718724
1990,FEB,NAC,25.563473828311675,9.610964342282973,17.587219085297317
1990,MAR,NAC,27.829379115032292,11.135875194873352,19.482627154952826
1990,ABR,NAC,30.030378108026202,13.424115504839774,21.72724680643299
1990,MAY,NAC,31.489318608426824,15.682041071520144,23.585679839973487
1990,JUN,NAC,31.150493408047158,16.991376999712593,24.070935203879873
1990,JUL,NAC,29.083592281784618,16.767142093725763,22.92536718775519
1990,AGO,NAC,29.251968559822274,16.525965724159565,22.888967141990925
1990,SEP,NAC,28.573397855159076,16.12114402492296,22.347270940041017
1990,OCT,NAC,27.843160308483665,14.332005901885726,21.08758310518469
1990,NOV,NAC,26.69132418044905,11.517754246071608,19.10453921326033
1990,DIC,NAC,25.04558996337568,9.060314238559418,17.052952100967552
1990,ANUAL,NAC,28.128193774255788,13.36593993189812,20.74706685307695
1991,ENE,NAC,24.943439585802096,9.139926235600013,17.041682910701056
1991,FEB,NAC,26.247155343111345,9.846788728032594,18.046972035571976
1991,MAR,NAC,29.61823100908035,11.203911969372523,20.411071489226437
1991,ABR,NAC,31.451049101757782,13.581441306189387,22.516245203973586
1991,MAY,NAC,32.01461488486927,15.212770503146446,23.613692694007856
1991,JUN,NAC,31.093772758533717,16.483758217202993,23.788765487868364
1991,JUL,NAC,28.82826250490019,16.557815030810882,22.69303876785554
1991,AGO,NAC,30.069512846314797,16.4111026630111,23.24030775466295
1991,SEP,NAC,28.112115437677758,15.915780189579998,22.013947813628874
1991,OCT,NAC,27.711961228593776,14.125418807834672,20.918690018214225
1991,NOV,NAC,25.576920089146196,10.75824616856773,18.16758312885697
1991,DIC,NAC,24.00165169204034,10.329866954571084,17.16575932330571
1991,ANUAL,NAC,28.305723873485636,13.297235564493286,20.80147971898946
1992,ENE,NAC,22.103100256282723,9.633962938485963,15.86853159738434
1992,FEB,NAC,24.426420915286656,9.34461156795335,16.885516241620007
1992,MAR,NAC,27.674826848122407,11.669867465880976,19.6723471570017
1992,ABR,NAC,28.981009977932157,12.996762662420304,20.988886320176228
1992,MAY,NAC,29.707162046010822,14.727423346605956,22.217292696308395
1992,JUN,NAC,31.391155961602664,16.657553816754685,24.02435488917867
1992,JUL,NAC,30.05474922504505,16.70732265856657,23.381035941805816
1992,AGO,NAC,29.5110312713195,16.505825523685765,23.008428397502634
1992,SEP,NAC,29.01551371882146,16.047638092534687,22.531575905678075
1992,OCT,NAC,27.76748045816938,13.953982236364295,20.86073134726684
1992,NOV,NAC,25.601711467606076,11.2442419069236,18.42297668726484
1992,DIC,NAC,25.22006511277568,10.078912319780612,17.649488716278142
1992,ANUAL,NAC,27.621185604914547,13.297342044663063,20.459263824788806
1993,ENE,NAC,24.85906029403716,9.816045205006969,17.337552749522068
1993,FEB,NAC,26.2540701849043,9.526273660192919,17.890171922548618
1993,MAR,NAC,27.981227429101793,10.512539856813081,19.246883642957435
1993,ABR,NAC,30.139302477675294,12.623253727981268,21.381278102828283
1993,MAY,NAC,30.826106472749505,14.424916211364742,22.625511342057116
1993,JUN,NAC,30.72712460102525,16.620982229337237,23.674053415181245
1993,JUL,NAC,29.664534250824268,16.724378593133224,23.194456421978753
1993,AGO,NAC,29.920331451097166,16.591294319061614,23.255812885079383
1993,SEP,NAC,28.525217096981432,16.058027371033106,22.29162223400727
1993,OCT,NAC,28.338843851279705,14.085854330881102,21.2123490910804
1993,NOV,NAC,26.635741175404483,11.529239361750923,19.0824902685777
1993,DIC,NAC,25.65741370604418,9.416090302823642,17.53675200443391
1993,ANUAL,NAC,28.294081082593706,13.160741264114984,20.727411173354348
1994,ENE,NAC,25.1952567227162,8.737544263691868,16.96640049320403
1994,FEB,NAC,26.718990631120892,9.895301242586873,18.307145936853882
1994,MAR,NAC,28.710282358933938,11.446999363409963,20.07864086117195
1994,ABR,NAC,30.250803745058064,13.167692642275973,21.70924819366703
1994,MAY,NAC,31.681036285906636,15.283102645400227,23.482069465653442
1994,JUN,NAC,30.882361100845095,16.759498787611687,23.820929944228396
1994,JUL,NAC,30.985197573091458,16.564232929018065,23.77471525105476
1994,AGO,NAC,29.88386932846853,16.66889824431168,23.2763837863901
1994,SEP,NAC,29.276851104565825,15.875913390394507,22.57638224748016
1994,OCT,NAC,28.62180710212769,14.534317717527372,21.57806240982753
1994,NOV,NAC,27.606694737291413,12.172425925334021,19.889560331312722
1994,DIC,NAC,25.61885474292908,10.588145215285357,18.10349997910721
1994,ANUAL,NAC,28.786000452754568,13.47450603057063,21.1302532416626
1995,ENE,NAC,25.11999571641765,9.094192154741032,17.107093935579346
1995,FEB,NAC,27.10076870162283,10.512600071315395,18.80668438646912
1995,MAR,NAC,28.76333819656627,11.341103807282948,20.052221001924615
1995,ABR,NAC,30.688777570854732,13.002651999752548,21.845714785303645
1995,MAY,NAC,32.401925302943425,15.685547455413769,24.04373637917859
1995,JUN,NAC,31.48046365499011,16.746606191278197,24.11353492313415
1995,JUL,NAC,30.3535299869061,16.909325158022085,23.631427572464094
1995,AGO,NAC,29.75703346151797,17.298522631783275,23.527778046650624
1995,SEP,NAC,29.441759534473785,16.423036761517757,22.932398147995766
1995,OCT,NAC,28.805717249358874,13.459166198713785,21.132441724036322
1995,NOV,NAC,27.40366183277353,11.857845722680661,19.630753777727097
1995,DIC,NAC,25.070508848865792,9.442642244182474,17.256575546524132
1995,ANUAL,NAC,28.865623338107586,13.481103366390323,21.17336335224896
1996,ENE,NAC,25.376694897038277,7.3924867412537285,16.384590819146005
1996,FEB,NAC,27.056344086354837,9.483175745519981,18.26975991593741
1996,MAR,NAC,28.055978882651214,10.118324658728074,19.087151770689644
1996,ABR,NAC,30.283571394405293,12.473261526753884,21.378416460579594
1996,MAY,NAC,32.45487550335153,15.675615043785827,24.065245273568674
1996,JUN,NAC,31.136251181166422,16.814566255380964,23.975408718273695
1996,JUL,NAC,30.649021477763206,16.89915338782282,23.774087432793017
1996,AGO,NAC,29.563275743758847,16.62588269775592,23.09457922075738
1996,SEP,NAC,29.545007663153395,16.272228092109483,22.908617877631443
1996,OCT,NAC,28.12089654462598,13.917920074693756,21.01940830965987
1996,NOV,NAC,26.7052786625179,10.76229429292598,18.733786477721942
1996,DIC,NAC,25.412330909324627,9.098408956035534,17.255369932680082
1996,ANUAL,NAC,28.69662724550929,12.961109789397165,20.82886851745323
1997,ENE,NAC,24.37917342864238,8.003899312071432,16.191536370356904
1997,FEB,NAC,26.3259800202977,9.454243868507255,17.890111944402474
1997,MAR,NAC,28.583037178521327,11.600396429772337,20.09171680414683
1997,ABR,NAC,28.408136851940018,12.65326546783271,20.530701159886366
1997,MAY,NAC,30.83247435510969,14.655089243502898,22.743781799306294
1997,JUN,NAC,31.392410557903208,16.6439410310338,24.018175794468497
1997,JUL,NAC,30.75826206461461,16.78485757418021,23.771559819397407
1997,AGO,NAC,31.074940318817262,16.650100634689167,23.862520476753218
1997,SEP,NAC,29.868674778219983,16.380870428084513,23.124772603152252
1997,OCT,NAC,28.034312562039602,13.641655507448943,20.83798403474427
1997,NOV,NAC,26.887725203165964,11.760791319223314,19.324258261194643
1997,DIC,NAC,24.14363578491112,8.427467847535812,16.28555181622346
1997,ANUAL,NAC,28.390730258681902,13.054714888656866,20.722722573669383
1998,ENE,NAC,25.361233459777914,8.21738290703582,16.789308183406867
1998,FEB,NAC,26.285677313939274,8.057007250164688,17.171342282051988
1998,MAR,NAC,28.47282723844734,10.409682862063733,19.441255050255535
1998,ABR,NAC,31.23822007032912,12.71463731972445,21.976428695026787
1998,MAY,NAC,33.66692125072069,14.953568084731847,24.31024466772627
1998,JUN,NAC,33.396418399281984,17.547225181887473,25.47182179058473
1998,JUL,NAC,31.162225016101335,17.380541996782743,24.27138350644204
1998,AGO,NAC,30.507781022737156,17.124726395045382,23.816253708891267
1998,SEP,NAC,29.171664229728904,17.120667665120344,23.14616594742462
1998,OCT,NAC,27.896603369634803,15.114496692640385,21.505550031137588
1998,NOV,NAC,27.131286855864932,12.442195601479174,19.786741228672057
1998,DIC,NAC,25.336949940188845,9.04655175900748,17.191750849598158
1998,ANUAL,NAC,29.13565068056269,13.34405697630696,21.239853828434825
1999,ENE,NAC,25.670013140762844,7.53509529146357,16.602554216113212
1999,FEB,NAC,27.348291965200062,9.320871721804469,18.334581843502267
1999,MAR,NAC,29.087462506021478,10.841399497812697,19.964431001917085
1999,ABR,NAC,31.471019994202088,13.347745459155833,22.40938272667896
1999,MAY,NAC,32.58964276876174,14.926463197783711,23.75805298327273
1999,JUN,NAC,31.396268333348992,16.676203277992396,24.0362358056707
1999,JUL,NAC,29.67661840356152,16.488076999404512,23.082347701483023
1999,AGO,NAC,30.28563589725278,16.655508934389083,23.470572415820932
1999,SEP,NAC,29.152541090452225,16.07761768337229,22.615079386912257
1999,OCT,NAC,27.943990383631217,13.284211768419212,20.614101076025207
1999,NOV,NAC,26.38060082813337,9.808435838409427,18.094518333271395
1999,DIC,NAC,24.4374031942763,7.577247703256131,16.007325448766213
1999,ANUAL,NAC,28.786624042133713,12.71157311443861,20.749098578286166
2000,ENE,NAC,25.736270117983295,7.860058625175137,16.798164371579215
2000,FEB,NAC,27.334669856189038,9.206997324407432,18.27083359029823
2000,MAR,NAC,29.29780439502802,11.223735543463796,20.26076996924591
2000,ABR,NAC,31.226453610060457,12.896018303310413,22.061235956685437
2000,MAY,NAC,31.729382776418635,15.310054062543626,23.519718419481137
2000,JUN,NAC,29.822783242172864,16.69433272180488,23.258557981988876
2000,JUL,NAC,30.744881956660198,16.247755098986797,23.4963185278235
2000,AGO,NAC,29.81524826589127,16.183737302299612,22.999492784095448
2000,SEP,NAC,29.678203442255032,15.901355281634926,22.789779361944976
2000,OCT,NAC,27.724026973923387,13.902509535622901,20.813268254773146
2000,NOV,NAC,26.539585029786178,11.438401024746621,18.988993027266396
2000,DIC,NAC,24.615923799898646,8.463202277731273,16.53956303881495
2000,ANUAL,NAC,28.68876945552226,12.944013091810618,20.816391273666433
2001,ENE,NAC,24.295407693976177,8.415868528662228,16.3556381113192
2001,FEB,NAC,26.445560085901473,10.065791725623592,18.255675905762537
2001,MAR,NAC,27.703464246058857,10.5134102667236,19.10843725639123
2001,ABR,NAC,30.74043673992504,13.465172322580873,22.10280453125296
2001,MAY,NAC,31.020837947749413,15.043935283931347,23.032386615840377
2001,JUN,NAC,30.90340617219906,16.603368875939026,23.753387524069048
2001,JUL,NAC,30.504821523039535,16.666177595534176,23.585499559286855
2001,AGO,NAC,30.301257161576462,16.72081216079261,23.51103466118454
2001,SEP,NAC,29.183475770167046,16.16101693903636,22.672246354601693
2001,OCT,NAC,28.1931185232938,13.72064726917234,20.95688289623306
2001,NOV,NAC,26.43125110498469,10.878468445657827,18.654859775321256
2001,DIC,NAC,24.788953366244762,9.087711079127905,16.938332222686334
2001,ANUAL,NAC,28.375999194593025,13.111865041065156,20.743932117829093
2002,ENE,NAC,25.336987263752874,8.05878071945299,16.697883991602932
2002,FEB,NAC,25.503149511857323,9.27696911807524,17.390059314966276
2002,MAR,NAC,28.98459784580842,11.07396489469425,20.02928137025134
2002,ABR,NAC,31.384975082288385,13.818395136611162,22.60168510944978
2002,MAY,NAC,32.37471301723337,15.515816324440763,23.94526467083707
2002,JUN,NAC,31.149547090346054,16.571671586006175,23.860609338176115
2002,JUL,NAC,30.15622053110984,16.614440188863206,23.38533035998652
2002,AGO,NAC,30.550639691005035,16.344884119640604,23.447761905322817
2002,SEP,NAC,29.29815593970071,16.40631273924371,22.852234339472204
2002,OCT,NAC,28.763918969400702,14.736260719187223,21.750089844293964
2002,NOV,NAC,26.011562784511742,10.974281534133755,18.492922159322752
2002,DIC,NAC,24.728703468828375,8.841860422058115,16.785281945443245
2002,ANUAL,NAC,28.686930932986908,13.18613645853393,20.936533695760417
2003,ENE,NAC,24.574548315913045,8.505922536692948,16.540235426302996
2003,FEB,NAC,26.77124844826944,10.025126272779298,18.398187360524368
2003,MAR,NAC,28.91803429365756,11.000691481257459,19.959362887457512
2003,ABR,NAC,30.707215117112867,13.239219790591221,21.973217453852044
2003,MAY,NAC,33.18168523249777,15.717453118034129,24.449569175265943
2003,JUN,NAC,30.881710995324383,16.911373961113878,23.896542478219136
2003,JUL,NAC,30.088343114340034,16.646223723981024,23.367283419160536
2003,AGO,NAC,30.066590250386252,16.507760491504765,23.287175370945512
2003,SEP,NAC,29.074987842349785,16.714707546253052,22.89484769430142
2003,OCT,NAC,27.93327141797678,14.516792234248095,21.225031826112442
2003,NOV,NAC,27.072468857265697,11.947450562184878,19.509959709725287
2003,DIC,NAC,24.452409308298556,7.466195638673177,15.95930247348586
2003,ANUAL,NAC,28.643542766116013,13.266576446442828,20.95505960627942
2004,ENE,NAC,23.655451922466593,9.037209491433487,16.346330706950045
2004,FEB,NAC,25.55040437728651,8.754990792803357,17.152697585044933
2004,MAR,NAC,28.660591351544,12.165530464170619,20.4130609078573
2004,ABR,NAC,29.667631229544956,13.144390273335965,21.406010751440455
2004,MAY,NAC,31.22348805018199,15.3894471182189,23.306467584200448
2004,JUN,NAC,30.442360527046695,16.762132433081554,23.602246480064128
2004,JUL,NAC,30.419399769691765,16.712652845359248,23.566026307525505
2004,AGO,NAC,30.607979646558835,16.931418184681036,23.769698915619934
2004,SEP,NAC,29.404320985671937,16.45365191691292,22.928986451292428
2004,OCT,NAC,28.858009545117294,15.150241319874306,22.0041254324958
2004,NOV,NAC,26.895003472737333,11.10691620335297,19.00095983804514
2004,DIC,NAC,24.760851706015284,9.056896655329483,16.908874180672385
2004,ANUAL,NAC,28.34545771532194,13.38878980821282,20.867123761767374
2005,ENE,NAC,25.260403680700612,9.406035749455338,17.333219715077977
2005,FEB,NAC,25.91510781952599,10.808254149990187,18.36168098475809
2005,MAR,NAC,28.265185951864453,11.486124445393338,19.875655198628888
2005,ABR,NAC,31.430411968728176,13.717196664289663,22.57380431650892
2005,MAY,NAC,32.188354040840316,15.445631854662054,23.816992947751185
2005,JUN,NAC,32.561617090210476,17.45558205109631,25.0085995706534
2005,JUL,NAC,30.96162665694986,17.751614157331396,24.35662040714063
2005,AGO,NAC,30.0460698166773,17.304317119069434,23.675193467873367
2005,SEP,NAC,30.095714079204328,16.651099245041095,23.373406662122715
2005,OCT,NAC,28.352808427842426,14.940095333294298,21.646451880568367
2005,NOV,NAC,26.996029543624175,11.195347398048703,19.09568847083644
2005,DIC,NAC,25.53675741465707,9.6279012997366,17.582329357196837
2005,ANUAL,NAC,28.96750720756877,13.815766622284036,21.391636914926405
2006,ENE,NAC,25.876017379097583,9.392371404634813,17.634194391866195
2006,FEB,NAC,27.422355392928445,11.017630072840525,19.21999273288448
2006,MAR,NAC,29.379943945977466,12.345347454403441,20.862645700190455
2006,ABR,NAC,32.24815160525444,14.848716105144844,23.54843385519964
2006,MAY,NAC,31.984612353175777,16.517946238115407,24.251279295645592
2006,JUN,NAC,31.79484196794975,18.143888017648038,24.969364992798894
2006,JUL,NAC,31.072993459857685,18.45296231803762,24.76297788894765
2006,AGO,NAC,30.61360699597133,18.41255291967639,24.513079957823855
2006,SEP,NAC,29.925176016346295,17.8790411558287,23.902108586087493
2006,OCT,NAC,28.90469443948733,16.286676656070078,22.5956855477787
2006,NOV,NAC,26.7764934213909,12.13793340098143,19.457213411186164
2006,DIC,NAC,24.587174597139136,9.849609556459784,17.21839207679946
2006,ANUAL,NAC,29.215505131214684,14.607056274986759,21.911280703100715
2007,ENE,NAC,23.953425354705445,10.247587710203577,17.092162296419144
2007,FEB,NAC,26.317324613341732,10.54017750684927,18.394504328892147
2007,MAR,NAC,29.28319903121698,12.434749330994983,20.811362538221783
2007,ABR,NAC,30.632696330261474,14.424869106658582,22.551814721042955
2007,MAY,NAC,32.043659037671404,16.358220872318356,24.203180906701885
2007,JUN,NAC,33.3,18.9,25.6
2007,JUL,NAC,32.1,19.3,24.9
2007,AGO,NAC,31.948334121988374,19.39141465640274,25.563236879368734
2007,SEP,NAC,30.7,18.3,24.5
2007,OCT,NAC,29.8,15.1,21.4
2007,NOV,NAC,27.2,11.6,18.9
2007,DIC,NAC,24.9,9.48,17.4
2007,ANUAL,NAC,29.348219874098778,14.67308493195229,21.776355139220556
2008,ENE,NAC,23.8,8.0,15.6
2008,FEB,NAC,27.1,9.2,18.3
2008,MAR,NAC,28.4,10.3,19.1
2008,ABR,NAC,31.7,13.7,22.7
2008,MAY,NAC,32.7,16.4,24.5
2008,JUN,NAC,33.1,19.0,26.0
2008,JUL,NAC,30.3,18.5,24.4
2008,AGO,NAC,31.200000000000003,19.100000000000005,25.200000000000003
2008,SEP,NAC,29.7,18.1,23.8
2008,OCT,NAC,28.8,14.7,21.7
2008,NOV,NAC,26.6,10.7,18.6
2008,DIC,NAC,24.4,8.6,16.5
2008,ANUAL,NAC,28.983333333333334,13.858333333333333,21.366666666666664
2009,ENE,NAC,24.4,8.6,16.5
2009,FEB,NAC,26.8,9.3,18.05
2009,MAR,NAC,28.6,11.5,20.05
2009,ABR,NAC,31.1,13.6,22.35
2009,MAY,NAC,32.9,17.3,25.1
2009,JUN,NAC,33.3,18.9,26.099999999999998
2009,JUL,NAC,32.2,18.5,25.35
2009,AGO,NAC,33.1,19.5,26.3
2009,SEP,NAC,30.9,18.5,24.7
2009,OCT,NAC,28.7,16.0,22.35
2009,NOV,NAC,26.0,10.9,18.45
2009,DIC,NAC,23.2,8.9,16.05
2009,ANUAL,NAC,29.266666666666666,14.291666666666666,21.779166666666665
2010,ENE,NAC,22.100000000000005,7.5,14.800000000000002
2010,FEB,NAC,21.8,8.1,14.95
2010,MAR,NAC,26.7,9.7,18.2
2010,ABR,NAC,29.7,13.6,21.65
2010,MAY,NAC,32.8,16.0,24.4
2010,JUN,NAC,33.7,18.8,26.25
2010,JUL,NAC,31.0,19.3,25.15
2010,AGO,NAC,32.0,19.3,25.65
2010,SEP,NAC,30.5,18.9,24.7
2010,OCT,NAC,29.6,14.0,21.8
2010,NOV,NAC,26.8,9.9,18.35
2010,DIC,NAC,25.1,7.1,16.1
2010,ANUAL,NAC,28.483333333333338,13.516666666666666,21.0
2011,ENE,NAC,24.3,7.5,15.9
2011,FEB,NAC,26.1,8.2,17.15
2011,MAR,NAC,30.0,11.9,20.95
2011,ABR,NAC,32.49999999999999,14.8,23.65
2011,MAY,NAC,33.5,16.800000000000004,25.150000000000002
2011,JUN,NAC,33.1,18.7,25.9
2011,JUL,NAC,32.0,19.6,25.8
2011,AGO,NAC,32.4,18.9,25.65
2011,SEP,NAC,31.7,18.1,24.9
2011,OCT,NAC,29.5,14.5,22.0
2011,NOV,NAC,26.2,10.8,18.5
2011,DIC,NAC,24.6,7.9,16.3
2011,ANUAL,NAC,29.658333333333335,13.975000000000001,21.820833333333336
2012,ENE,NAC,24.8,8.6,16.6
2012,FEB,NAC,24.0,10.1,17.3
2012,MAR,NAC,27.5,11.6,19.9
2012,ABR,NAC,30.8,14.0,22.5
2012,MAY,NAC,33.0,16.7,24.8
2012,JUN,NAC,33.1,19.1,26.0
2012,JUL,NAC,31.5,19.1,25.4
2012,AGO,NAC,32.3,19.6,25.9
2012,SEP,NAC,30.8,18.1,24.4
2012,OCT,NAC,30.1,15.5,22.8
2012,NOV,NAC,26.6,12.0,19.4
2012,DIC,NAC,25.16,9.65,17.4
2012,ANUAL,NAC,29.13833333333334,14.504166666666665,21.86666666666667
2013,ENE,NAC,23.2,8.9,16.0
2013,FEB,NAC,26.5,9.9,18.2
2013,MAR,NAC,28.7,11.1,19.9
2013,ABR,NAC,31.4,13.8,22.6
2013,MAY,NAC,32.5,16.7,24.6
2013,JUN,NAC,34.0,19.7,26.8
2013,JUL,NAC,32.1,19.8,25.9
2013,AGO,NAC,32.5,19.6,26.0
2013,SEP,NAC,30.4,19.0,24.7
2013,OCT,NAC,29.5,15.7,22.7
2013,NOV,NAC,25.7,12.7,19.2
2013,DIC,NAC,23.3,9.6,16.5
2013,ANUAL,NAC,29.150000000000002,14.70833333333333,21.925
2014,ENE,NAC,24.0,8.1,16.1
2014,FEB,NAC,27.5,10.2,18.8
2014,MAR,NAC,28.6,12.2,20.4
2014,ABR,NAC,31.1,14.7,22.9
2014,MAY,NAC,31.9,16.6,24.3
2014,JUN,NAC,33.2,20.0,26.6
2014,JUL,NAC,32.3,19.7,26.0
2014,AGO,NAC,32.3,19.5,25.9
2014,SEP,NAC,30.8,19.4,25.1
2014,OCT,NAC,30.2,16.5,23.3
2014,NOV,NAC,25.5,11.1,18.3
2014,DIC,NAC,24.5,9.9,17.2
2014,ANUAL,NAC,29.325000000000003,14.825000000000001,22.075000000000003
2015,ENE,NAC,23.2,9.2,16.2
2015,FEB,NAC,25.5,10.2,17.8
2015,MAR,NAC,26.5,12.4,19.4
2015,ABR,NAC,30.8,15.8,23.3
2015,MAY,NAC,31.3,16.6,23.9
2015,JUN,NAC,32.2,19.2,25.7
2015,JUL,NAC,32.2,19.5,25.9
2015,AGO,NAC,33.1,19.7,26.4
2015,SEP,NAC,31.7,19.1,25.4
2015,OCT,NAC,29.8,16.8,23.3
2015,NOV,NAC,27.3,13.3,20.3
2015,DIC,NAC,24.9,9.8,17.4
2015,ANUAL,NAC,29.0,15.1,22.1
2016,ENE,NAC,23.7,7.9,15.8
2016,FEB,NAC,27.3,9.7,18.5
2016,MAR,NAC,29.1,12.7,20.9
2016,ABR,NAC,31.2,14.8,23.0
2016,MAY,NAC,33.0,17.3,25.1
2016,JUN,NAC,33.3,19.3,26.3
2016,JUL,NAC,33.4,20.1,26.8
2016,AGO,NAC,31.9,19.7,25.8
2016,SEP,NAC,31.3,18.7,25.0
2016,OCT,NAC,30.8,16.4,23.6
2016,NOV,NAC,27.2,13.1,20.2
2016,DIC,NAC,25.6,10.8,18.2
2016,ANUAL,NAC,29.816666666666674,15.04166666666667,22.433333333333334
2017,ENE,NAC,25.4,9.3,17.4
2017,FEB,NAC,27.9,10.5,19.2
2017,MAR,NAC,29.7,12.8,21.3
2017,ABR,NAC,31.8,14.4,23.1
2017,MAY,NAC,33.2,16.9,25.1
2017,JUN,NAC,34.2,19.5,26.8
2017,JUL,NAC,32.4,19.8,26.1
2017,AGO,NAC,32.4,19.9,26.2
2017,SEP,NAC,31.1,18.6,24.9
2017,OCT,NAC,30.0,16.0,23.0
2017,NOV,NAC,28.8,12.3,20.5
2017,DIC,NAC,24.5,9.6,17.0
2017,ANUAL,NAC,30.11666666666667,14.966666666666667,22.55
2018,ENE,NAC,24.1,7.9,16.0
2018,FEB,NAC,26.8,11.7,19.3
2018,MAR,NAC,29.8,12.6,21.2
2018,ABR,NAC,31.4,14.3,22.9
2018,MAY,NAC,33.5,17.3,25.4
2018,JUN,NAC,33.3,19.5,26.4
2018,JUL,NAC,33.3,19.7,26.5
2018,AGO,NAC,32.5,19.6,26.1
2018,SEP,NAC,31.1,18.9,25.0
2018,OCT,NAC,28.7,16.4,22.5
2018,NOV,NAC,26.1,11.3,18.7
2018,DIC,NAC,24.1,9.0,16.5
2018,ANUAL,NAC,29.558333333333337,14.850000000000001,22.208333333333332
2019,ENE,NAC,24.4,8.8,16.6
2019,FEB,NAC,26.7,10.6,18.7
2019,MAR,NAC,28.8,12.2,20.5
2019,ABR,NAC,31.5,13.7,22.6
2019,MAY,NAC,33.0,16.6,24.8
2019,JUN,NAC,34.1,19.3,26.7
2019,JUL,NAC,33.5,19.6,26.5
2019,AGO,NAC,33.9,20.2,27.0
2019,SEP,NAC,31.5,18.9,25.2
2019,OCT,NAC,29.8,16.2,23.0
2019,NOV,NAC,26.7,13.4,20.0
2019,DIC,NAC,24.8,9.5,17.1
2019,ANUAL,NAC,29.9,14.9,22.4
2020,ENE,NAC,24.6,9.2,16.9
2020,FEB,NAC,26.0,10.1,18.0
2020,MAR,NAC,29.2,13.4,21.3
2020,ABR,NAC,32.0,15.2,23.6
2020,MAY,NAC,33.3,17.0,25.2
2020,JUN,NAC,33.5,19.1,26.3
2020,JUL,NAC,33.4,20.1,26.7
2020,AGO,NAC,33.3,20.0,26.6
2020,SEP,NAC,31.4,18.5,24.9
2020,OCT,NAC,31.1,15.1,23.1
2020,NOV,NAC,28.5,12.4,20.4
2020,DIC,NAC,24.5,8.2,16.3
2020,ANUAL,NAC,30.1,14.9,22.4
